Gender,Married,Dependents,Education,Self_Employed,ApplicantIncome,CoapplicantIncome,LoanAmount,Loan_Amount_Term,Credit_History,Property_Area,Loan_Status
Male,No,0,Graduate,No,5849,0.0,146.41216216216216,360.0,1.0,Urban,Y
Male,Yes,1,Graduate,No,4583,1508.0,128.0,360.0,1.0,Rural,N
Male,Yes,0,Graduate,Yes,3000,0.0,66.0,360.0,1.0,Urban,Y
Male,Yes,0,Not Graduate,No,2583,2358.0,120.0,360.0,1.0,Urban,Y
Male,No,0,Graduate,No,6000,0.0,141.0,360.0,1.0,Urban,Y
Male,Yes,2,Graduate,Yes,5417,4196.0,267.0,360.0,1.0,Urban,Y
Male,Yes,0,Not Graduate,No,2333,1516.0,95.0,360.0,1.0,Urban,Y
Male,Yes,3+,Graduate,No,3036,2504.0,158.0,360.0,0.0,Semiurban,N
Male,Yes,2,Graduate,No,4006,1526.0,168.0,360.0,1.0,Urban,Y
Male,Yes,1,Graduate,No,12841,10968.0,349.0,360.0,1.0,Semiurban,N
Male,Yes,2,Graduate,No,3200,700.0,70.0,360.0,1.0,Urban,Y
Male,Yes,2,Graduate,No,2500,1840.0,109.0,360.0,1.0,Urban,Y
Male,Yes,2,Graduate,No,3073,8106.0,200.0,360.0,1.0,Urban,Y
Male,No,0,Graduate,No,1853,2840.0,114.0,360.0,1.0,Rural,N
Male,Yes,2,Graduate,No,1299,1086.0,17.0,120.0,1.0,Urban,Y
Male,No,0,Graduate,No,4950,0.0,125.0,360.0,1.0,Urban,Y
Male,No,1,Not Graduate,No,3596,0.0,100.0,240.0,1.0,Urban,Y
Female,No,0,Graduate,No,3510,0.0,76.0,360.0,0.0,Urban,N
Male,Yes,0,Not Graduate,No,4887,0.0,133.0,360.0,1.0,Rural,N
Male,Yes,0,Graduate,No,2600,3500.0,115.0,360.0,1.0,Urban,Y
Male,Yes,0,Not Graduate,No,7660,0.0,104.0,360.0,0.0,Urban,N
Male,Yes,1,Graduate,No,5955,5625.0,315.0,360.0,1.0,Urban,Y
Male,Yes,0,Not Graduate,No,2600,1911.0,116.0,360.0,0.0,Semiurban,N
Male,Yes,2,Not Graduate,No,3365,1917.0,112.0,360.0,0.0,Rural,N
Male,Yes,1,Graduate,No,3717,2925.0,151.0,360.0,1.0,Semiurban,N
Male,Yes,0,Graduate,Yes,9560,0.0,191.0,360.0,1.0,Semiurban,Y
Male,Yes,0,Graduate,No,2799,2253.0,122.0,360.0,1.0,Semiurban,Y
Male,Yes,2,Not Graduate,No,4226,1040.0,110.0,360.0,1.0,Urban,Y
Male,No,0,Not Graduate,No,1442,0.0,35.0,360.0,1.0,Urban,N
Female,No,2,Graduate,No,3750,2083.0,120.0,360.0,1.0,Semiurban,Y
Male,Yes,1,Graduate,No,4166,3369.0,201.0,360.0,1.0,Urban,N
Male,No,0,Graduate,No,3167,0.0,74.0,360.0,1.0,Urban,N
Male,No,1,Graduate,Yes,4692,0.0,106.0,360.0,1.0,Rural,N
Male,Yes,0,Graduate,No,3500,1667.0,114.0,360.0,1.0,Semiurban,Y
Male,No,3+,Graduate,No,12500,3000.0,320.0,360.0,1.0,Rural,N
Male,Yes,0,Graduate,No,2275,2067.0,146.41216216216216,360.0,1.0,Urban,Y
Male,Yes,0,Graduate,No,1828,1330.0,100.0,360.0,0.0,Urban,N
Female,Yes,0,Graduate,No,3667,1459.0,144.0,360.0,1.0,Semiurban,Y
Male,No,0,Graduate,No,4166,7210.0,184.0,360.0,1.0,Urban,Y
Male,No,0,Not Graduate,No,3748,1668.0,110.0,360.0,1.0,Semiurban,Y
Male,No,0,Graduate,No,3600,0.0,80.0,360.0,1.0,Urban,N
Male,No,0,Graduate,No,1800,1213.0,47.0,360.0,1.0,Urban,Y
Male,Yes,0,Graduate,No,2400,0.0,75.0,360.0,1.0,Urban,Y
Male,Yes,0,Graduate,No,3941,2336.0,134.0,360.0,1.0,Semiurban,Y
Male,Yes,0,Not Graduate,Yes,4695,0.0,96.0,360.0,1.0,Urban,Y
Female,No,0,Graduate,No,3410,0.0,88.0,360.0,1.0,Urban,Y
Male,Yes,1,Graduate,No,5649,0.0,44.0,360.0,1.0,Urban,Y
Male,Yes,0,Graduate,No,5821,0.0,144.0,360.0,1.0,Urban,Y
Female,Yes,0,Graduate,No,2645,3440.0,120.0,360.0,0.0,Urban,N
Female,No,0,Graduate,No,4000,2275.0,144.0,360.0,1.0,Semiurban,Y
Female,Yes,0,Not Graduate,No,1928,1644.0,100.0,360.0,1.0,Semiurban,Y
Female,No,0,Graduate,No,3086,0.0,120.0,360.0,1.0,Semiurban,Y
Female,No,0,Graduate,No,4230,0.0,112.0,360.0,1.0,Semiurban,N
Male,Yes,2,Graduate,No,4616,0.0,134.0,360.0,1.0,Urban,N
Female,Yes,1,Graduate,Yes,11500,0.0,286.0,360.0,0.0,Urban,N
Male,Yes,2,Graduate,No,2708,1167.0,97.0,360.0,1.0,Semiurban,Y
Male,Yes,0,Graduate,No,2132,1591.0,96.0,360.0,1.0,Semiurban,Y
Male,Yes,0,Graduate,No,3366,2200.0,135.0,360.0,1.0,Rural,N
Male,Yes,1,Graduate,No,8080,2250.0,180.0,360.0,1.0,Urban,Y
Male,Yes,2,Not Graduate,No,3357,2859.0,144.0,360.0,1.0,Urban,Y
Male,Yes,0,Graduate,No,2500,3796.0,120.0,360.0,1.0,Urban,Y
Male,Yes,3+,Graduate,No,3029,0.0,99.0,360.0,1.0,Urban,Y
Male,Yes,0,Not Graduate,Yes,2609,3449.0,165.0,180.0,0.0,Rural,N
Male,Yes,1,Graduate,No,4945,0.0,146.41216216216216,360.0,0.0,Rural,N
Female,No,0,Graduate,No,4166,0.0,116.0,360.0,0.0,Semiurban,N
Male,Yes,0,Graduate,No,5726,4595.0,258.0,360.0,1.0,Semiurban,N
Male,No,0,Not Graduate,No,3200,2254.0,126.0,180.0,0.0,Urban,N
Male,Yes,1,Graduate,No,10750,0.0,312.0,360.0,1.0,Urban,Y
Male,Yes,3+,Not Graduate,Yes,7100,0.0,125.0,60.0,1.0,Urban,Y
Female,No,0,Graduate,No,4300,0.0,136.0,360.0,0.0,Semiurban,N
Male,Yes,0,Graduate,No,3208,3066.0,172.0,360.0,1.0,Urban,Y
Male,Yes,2,Not Graduate,Yes,1875,1875.0,97.0,360.0,1.0,Semiurban,Y
Male,No,0,Graduate,No,3500,0.0,81.0,300.0,1.0,Semiurban,Y
Male,Yes,3+,Not Graduate,No,4755,0.0,95.0,360.0,0.0,Semiurban,N
Male,Yes,3+,Graduate,Yes,5266,1774.0,187.0,360.0,1.0,Semiurban,Y
Male,No,0,Graduate,No,3750,0.0,113.0,480.0,1.0,Urban,N
Male,No,0,Graduate,No,3750,4750.0,176.0,360.0,1.0,Urban,N
Male,Yes,1,Graduate,Yes,1000,3022.0,110.0,360.0,1.0,Urban,N
Male,Yes,3+,Graduate,No,3167,4000.0,180.0,300.0,0.0,Semiurban,N
Male,Yes,3+,Not Graduate,Yes,3333,2166.0,130.0,360.0,1.0,Semiurban,Y
Female,No,0,Graduate,No,3846,0.0,111.0,360.0,1.0,Semiurban,Y
Male,Yes,1,Graduate,Yes,2395,0.0,146.41216216216216,360.0,1.0,Semiurban,Y
Female,Yes,2,Graduate,No,1378,1881.0,167.0,360.0,1.0,Urban,N
Male,Yes,0,Graduate,No,6000,2250.0,265.0,360.0,1.0,Semiurban,N
Male,Yes,1,Graduate,No,3988,0.0,50.0,240.0,1.0,Urban,Y
Male,No,0,Graduate,No,2366,2531.0,136.0,360.0,1.0,Semiurban,Y
Male,Yes,2,Not Graduate,No,3333,2000.0,99.0,360.0,1.0,Semiurban,Y
Male,Yes,0,Graduate,No,2500,2118.0,104.0,360.0,1.0,Semiurban,Y
Male,No,0,Graduate,No,8566,0.0,210.0,360.0,1.0,Urban,Y
Male,Yes,0,Graduate,No,5695,4167.0,175.0,360.0,1.0,Semiurban,Y
Male,Yes,0,Graduate,No,2958,2900.0,131.0,360.0,1.0,Semiurban,Y
Male,Yes,2,Graduate,No,6250,5654.0,188.0,180.0,1.0,Semiurban,Y
Male,Yes,2,Not Graduate,No,3273,1820.0,81.0,360.0,1.0,Urban,Y
Male,No,0,Graduate,No,4133,0.0,122.0,360.0,1.0,Semiurban,Y
Male,No,0,Not Graduate,No,3620,0.0,25.0,120.0,1.0,Semiurban,Y
Male,No,0,Graduate,No,6782,0.0,146.41216216216216,360.0,1.0,Urban,N
Female,Yes,0,Graduate,No,2484,2302.0,137.0,360.0,1.0,Semiurban,Y
Male,Yes,0,Graduate,No,1977,997.0,50.0,360.0,1.0,Semiurban,Y
Male,Yes,0,Not Graduate,No,4188,0.0,115.0,180.0,1.0,Semiurban,Y
Male,Yes,0,Graduate,No,1759,3541.0,131.0,360.0,1.0,Semiurban,Y
Male,Yes,2,Not Graduate,No,4288,3263.0,133.0,180.0,1.0,Urban,Y
Male,No,0,Graduate,No,4843,3806.0,151.0,360.0,1.0,Semiurban,Y
Male,Yes,0,Graduate,No,13650,0.0,146.41216216216216,360.0,1.0,Urban,Y
Male,Yes,0,Graduate,No,4652,3583.0,146.41216216216216,360.0,1.0,Semiurban,Y
Male,Yes,0,Graduate,No,3816,754.0,160.0,360.0,1.0,Urban,Y
Male,Yes,1,Graduate,No,3052,1030.0,100.0,360.0,1.0,Urban,Y
Male,Yes,2,Graduate,No,11417,1126.0,225.0,360.0,1.0,Urban,Y
Male,No,0,Not Graduate,No,7333,0.0,120.0,360.0,1.0,Rural,N
Male,Yes,2,Graduate,No,3800,3600.0,216.0,360.0,0.0,Urban,N
Male,Yes,3+,Not Graduate,No,2071,754.0,94.0,480.0,1.0,Semiurban,Y
Male,No,0,Graduate,No,5316,0.0,136.0,360.0,1.0,Urban,Y
Female,Yes,0,Graduate,No,2929,2333.0,139.0,360.0,1.0,Semiurban,Y
Male,Yes,0,Not Graduate,No,3572,4114.0,152.0,360.0,0.0,Rural,N
Female,No,1,Graduate,Yes,7451,0.0,146.41216216216216,360.0,1.0,Semiurban,Y
Male,No,0,Graduate,No,5050,0.0,118.0,360.0,1.0,Semiurban,Y
Male,Yes,1,Graduate,No,14583,0.0,185.0,180.0,1.0,Rural,Y
Female,Yes,0,Graduate,No,3167,2283.0,154.0,360.0,1.0,Semiurban,Y
Male,Yes,1,Graduate,No,2214,1398.0,85.0,360.0,1.0,Urban,Y
Male,Yes,0,Graduate,No,5568,2142.0,175.0,360.0,1.0,Rural,N
Female,No,0,Graduate,No,10408,0.0,259.0,360.0,1.0,Urban,Y
Male,Yes,0,Graduate,No,5667,2667.0,180.0,360.0,1.0,Rural,Y
Female,No,0,Graduate,No,4166,0.0,44.0,360.0,1.0,Semiurban,Y
Female,No,0,Graduate,No,2137,8980.0,137.0,360.0,0.0,Semiurban,Y
Male,Yes,2,Graduate,No,2957,0.0,81.0,360.0,1.0,Semiurban,Y
Male,Yes,0,Not Graduate,No,4300,2014.0,194.0,360.0,1.0,Rural,Y
Female,No,0,Graduate,No,3692,0.0,93.0,360.0,1.0,Rural,Y
Male,Yes,3+,Graduate,No,23803,0.0,370.0,360.0,1.0,Rural,Y
Male,No,0,Graduate,No,3865,1640.0,146.41216216216216,360.0,1.0,Rural,Y
Male,Yes,1,Graduate,Yes,10513,3850.0,160.0,180.0,0.0,Urban,N
Male,Yes,0,Graduate,No,6080,2569.0,182.0,360.0,1.0,Rural,N
Male,No,0,Graduate,Yes,20166,0.0,650.0,480.0,1.0,Urban,Y
Male,No,0,Graduate,No,2014,1929.0,74.0,360.0,1.0,Urban,Y
Male,No,0,Graduate,No,2718,0.0,70.0,360.0,1.0,Semiurban,Y
Male,Yes,0,Graduate,Yes,3459,0.0,25.0,120.0,1.0,Semiurban,Y
Male,No,0,Graduate,No,4895,0.0,102.0,360.0,1.0,Semiurban,Y
Male,Yes,3+,Graduate,No,4000,7750.0,290.0,360.0,1.0,Semiurban,N
Female,Yes,0,Graduate,No,4583,0.0,84.0,360.0,1.0,Rural,N
Male,Yes,2,Graduate,Yes,3316,3500.0,88.0,360.0,1.0,Urban,Y
Male,No,0,Graduate,No,14999,0.0,242.0,360.0,0.0,Semiurban,N
Male,Yes,2,Not Graduate,No,4200,1430.0,129.0,360.0,1.0,Rural,N
Male,Yes,2,Graduate,No,5042,2083.0,185.0,360.0,1.0,Rural,N
Male,No,0,Graduate,No,5417,0.0,168.0,360.0,1.0,Urban,Y
Male,No,0,Graduate,Yes,6950,0.0,175.0,180.0,1.0,Semiurban,Y
Male,Yes,0,Graduate,No,2698,2034.0,122.0,360.0,1.0,Semiurban,Y
Male,Yes,2,Graduate,No,11757,0.0,187.0,180.0,1.0,Urban,Y
Female,Yes,0,Graduate,No,2330,4486.0,100.0,360.0,1.0,Semiurban,Y
Female,Yes,2,Graduate,No,14866,0.0,70.0,360.0,1.0,Urban,Y
Male,Yes,1,Graduate,No,1538,1425.0,30.0,360.0,1.0,Urban,Y
Female,No,0,Graduate,No,10000,1666.0,225.0,360.0,1.0,Rural,N
Male,Yes,0,Graduate,No,4860,830.0,125.0,360.0,1.0,Semiurban,Y
Male,No,0,Graduate,No,6277,0.0,118.0,360.0,0.0,Rural,N
Male,Yes,0,Graduate,Yes,2577,3750.0,152.0,360.0,1.0,Rural,Y
Male,No,0,Graduate,No,9166,0.0,244.0,360.0,1.0,Urban,N
Male,Yes,2,Not Graduate,No,2281,0.0,113.0,360.0,1.0,Rural,N
Male,No,0,Graduate,No,3254,0.0,50.0,360.0,1.0,Urban,Y
Male,Yes,3+,Graduate,No,39999,0.0,600.0,180.0,0.0,Semiurban,Y
Male,Yes,1,Graduate,No,6000,0.0,160.0,360.0,1.0,Rural,Y
Male,Yes,1,Graduate,No,9538,0.0,187.0,360.0,1.0,Urban,Y
Male,No,0,Graduate,No,2980,2083.0,120.0,360.0,1.0,Rural,Y
Male,Yes,0,Graduate,No,4583,5625.0,255.0,360.0,1.0,Semiurban,Y
Male,Yes,0,Not Graduate,No,1863,1041.0,98.0,360.0,1.0,Semiurban,Y
Male,Yes,0,Graduate,No,7933,0.0,275.0,360.0,1.0,Urban,N
Male,Yes,1,Graduate,No,3089,1280.0,121.0,360.0,0.0,Semiurban,N
Male,Yes,2,Graduate,No,4167,1447.0,158.0,360.0,1.0,Rural,Y
Male,Yes,0,Graduate,No,9323,0.0,75.0,180.0,1.0,Urban,Y
Male,Yes,0,Graduate,No,3707,3166.0,182.0,360.0,1.0,Rural,Y
Female,Yes,0,Graduate,No,4583,0.0,112.0,360.0,1.0,Rural,N
Male,Yes,0,Graduate,No,2439,3333.0,129.0,360.0,1.0,Rural,Y
Male,No,0,Graduate,No,2237,0.0,63.0,480.0,0.0,Semiurban,N
Male,Yes,2,Graduate,No,8000,0.0,200.0,360.0,1.0,Semiurban,Y
Male,Yes,0,Not Graduate,No,1820,1769.0,95.0,360.0,1.0,Rural,Y
Male,Yes,3+,Graduate,No,51763,0.0,700.0,300.0,1.0,Urban,Y
Male,Yes,3+,Not Graduate,No,3522,0.0,81.0,180.0,1.0,Rural,N
Male,Yes,0,Graduate,No,5708,5625.0,187.0,360.0,1.0,Semiurban,Y
Male,Yes,0,Not Graduate,Yes,4344,736.0,87.0,360.0,1.0,Semiurban,N
Male,Yes,0,Graduate,No,3497,1964.0,116.0,360.0,1.0,Rural,Y
Male,Yes,2,Graduate,No,2045,1619.0,101.0,360.0,1.0,Rural,Y
Male,Yes,3+,Graduate,No,5516,11300.0,495.0,360.0,0.0,Semiurban,N
Male,Yes,1,Graduate,No,3750,0.0,116.0,360.0,1.0,Semiurban,Y
Male,No,0,Not Graduate,No,2333,1451.0,102.0,480.0,0.0,Urban,N
Male,Yes,1,Graduate,No,6400,7250.0,180.0,360.0,0.0,Urban,N
Male,No,0,Graduate,No,1916,5063.0,67.0,360.0,1.0,Rural,N
Male,Yes,0,Graduate,No,4600,0.0,73.0,180.0,1.0,Semiurban,Y
Male,Yes,1,Graduate,No,33846,0.0,260.0,360.0,1.0,Semiurban,N
Female,Yes,0,Graduate,No,3625,0.0,108.0,360.0,1.0,Semiurban,Y
Male,Yes,0,Graduate,Yes,39147,4750.0,120.0,360.0,1.0,Semiurban,Y
Male,Yes,1,Graduate,Yes,2178,0.0,66.0,300.0,0.0,Rural,N
Male,Yes,0,Graduate,No,2383,2138.0,58.0,360.0,1.0,Rural,Y
Male,Yes,0,Graduate,Yes,674,5296.0,168.0,360.0,1.0,Rural,Y
Male,Yes,0,Graduate,No,9328,0.0,188.0,180.0,1.0,Rural,Y
Male,No,0,Not Graduate,No,4885,0.0,48.0,360.0,1.0,Rural,Y
Male,No,0,Graduate,No,12000,0.0,164.0,360.0,1.0,Semiurban,N
Male,Yes,0,Not Graduate,No,6033,0.0,160.0,360.0,1.0,Urban,N
Male,No,0,Graduate,No,3858,0.0,76.0,360.0,1.0,Semiurban,Y
Male,No,0,Graduate,No,4191,0.0,120.0,360.0,1.0,Rural,Y
Male,Yes,1,Graduate,No,3125,2583.0,170.0,360.0,1.0,Semiurban,N
Male,No,0,Graduate,No,8333,3750.0,187.0,360.0,1.0,Rural,Y
Female,No,0,Not Graduate,No,1907,2365.0,120.0,360.0,1.0,Urban,Y
Female,Yes,0,Graduate,No,3416,2816.0,113.0,360.0,1.0,Semiurban,Y
Male,No,0,Graduate,Yes,11000,0.0,83.0,360.0,1.0,Urban,N
Male,Yes,1,Not Graduate,No,2600,2500.0,90.0,360.0,1.0,Semiurban,Y
Male,No,2,Graduate,No,4923,0.0,166.0,360.0,0.0,Semiurban,Y
Male,Yes,3+,Not Graduate,No,3992,0.0,146.41216216216216,180.0,1.0,Urban,N
Male,Yes,1,Not Graduate,No,3500,1083.0,135.0,360.0,1.0,Urban,Y
Male,Yes,2,Not Graduate,No,3917,0.0,124.0,360.0,1.0,Semiurban,Y
Female,No,0,Not Graduate,No,4408,0.0,120.0,360.0,1.0,Semiurban,Y
Female,No,0,Graduate,No,3244,0.0,80.0,360.0,1.0,Urban,Y
Male,No,0,Not Graduate,No,3975,2531.0,55.0,360.0,1.0,Rural,Y
Male,No,0,Graduate,No,2479,0.0,59.0,360.0,1.0,Urban,Y
Male,No,0,Graduate,No,3418,0.0,127.0,360.0,1.0,Semiurban,N
Female,No,0,Graduate,No,10000,0.0,214.0,360.0,1.0,Semiurban,N
Male,Yes,3+,Graduate,No,3430,1250.0,128.0,360.0,0.0,Semiurban,N
Male,Yes,1,Graduate,Yes,7787,0.0,240.0,360.0,1.0,Urban,Y
Male,Yes,3+,Not Graduate,Yes,5703,0.0,130.0,360.0,1.0,Rural,Y
Male,Yes,0,Graduate,No,3173,3021.0,137.0,360.0,1.0,Urban,Y
Male,Yes,3+,Not Graduate,No,3850,983.0,100.0,360.0,1.0,Semiurban,Y
Male,Yes,0,Graduate,No,150,1800.0,135.0,360.0,1.0,Rural,N
Male,Yes,0,Graduate,No,3727,1775.0,131.0,360.0,1.0,Semiurban,Y
Male,Yes,2,Graduate,No,5000,0.0,72.0,360.0,0.0,Semiurban,N
Female,Yes,2,Graduate,No,4283,2383.0,127.0,360.0,1.0,Semiurban,Y
Male,Yes,0,Graduate,No,2221,0.0,60.0,360.0,0.0,Urban,N
Male,Yes,2,Graduate,No,4009,1717.0,116.0,360.0,1.0,Semiurban,Y
Male,No,0,Graduate,No,2971,2791.0,144.0,360.0,1.0,Semiurban,Y
Male,Yes,0,Graduate,No,7578,1010.0,175.0,360.0,1.0,Semiurban,Y
Male,Yes,0,Graduate,No,6250,0.0,128.0,360.0,1.0,Semiurban,Y
Male,Yes,0,Graduate,No,3250,0.0,170.0,360.0,1.0,Rural,N
Male,Yes,0,Not Graduate,Yes,4735,0.0,138.0,360.0,1.0,Urban,N
Male,Yes,2,Graduate,No,6250,1695.0,210.0,360.0,1.0,Semiurban,Y
Male,Yes,0,Graduate,No,4758,0.0,158.0,480.0,1.0,Semiurban,Y
Male,No,0,Graduate,Yes,6400,0.0,200.0,360.0,1.0,Rural,Y
Male,Yes,1,Graduate,No,2491,2054.0,104.0,360.0,1.0,Semiurban,Y
Male,Yes,0,Graduate,No,3716,0.0,42.0,180.0,1.0,Rural,Y
Male,No,0,Not Graduate,No,3189,2598.0,120.0,360.0,1.0,Rural,Y
Female,No,0,Graduate,No,8333,0.0,280.0,360.0,1.0,Semiurban,Y
Male,Yes,1,Graduate,No,3155,1779.0,140.0,360.0,1.0,Semiurban,Y
Male,Yes,1,Graduate,No,5500,1260.0,170.0,360.0,1.0,Rural,Y
Male,Yes,0,Graduate,No,5746,0.0,255.0,360.0,1.0,Urban,N
Female,No,0,Graduate,Yes,3463,0.0,122.0,360.0,1.0,Urban,Y
Female,No,1,Graduate,No,3812,0.0,112.0,360.0,1.0,Rural,Y
Male,Yes,1,Graduate,No,3315,0.0,96.0,360.0,1.0,Semiurban,Y
Male,Yes,2,Graduate,No,5819,5000.0,120.0,360.0,1.0,Rural,Y
Male,Yes,1,Not Graduate,No,2510,1983.0,140.0,180.0,1.0,Urban,N
Male,No,0,Graduate,No,2965,5701.0,155.0,60.0,1.0,Urban,Y
Male,Yes,2,Graduate,Yes,6250,1300.0,108.0,360.0,1.0,Rural,Y
Male,Yes,0,Not Graduate,No,3406,4417.0,123.0,360.0,1.0,Semiurban,Y
Male,No,0,Graduate,Yes,6050,4333.0,120.0,180.0,1.0,Urban,N
Male,Yes,2,Graduate,No,9703,0.0,112.0,360.0,1.0,Urban,Y
Male,Yes,1,Not Graduate,No,6608,0.0,137.0,180.0,1.0,Urban,Y
Male,Yes,1,Graduate,No,2882,1843.0,123.0,480.0,1.0,Semiurban,Y
Male,Yes,0,Graduate,No,1809,1868.0,90.0,360.0,1.0,Urban,Y
Male,Yes,0,Not Graduate,No,1668,3890.0,201.0,360.0,0.0,Semiurban,N
Female,No,2,Graduate,No,3427,0.0,138.0,360.0,1.0,Urban,N
Male,No,0,Not Graduate,Yes,2583,2167.0,104.0,360.0,1.0,Rural,Y
Male,Yes,1,Not Graduate,No,2661,7101.0,279.0,180.0,1.0,Semiurban,Y
Male,No,0,Graduate,Yes,16250,0.0,192.0,360.0,0.0,Urban,N
Female,No,3+,Graduate,No,3083,0.0,255.0,360.0,1.0,Rural,Y
Male,No,0,Not Graduate,No,6045,0.0,115.0,360.0,0.0,Rural,N
Male,Yes,3+,Graduate,No,5250,0.0,94.0,360.0,1.0,Urban,N
Male,Yes,0,Graduate,No,14683,2100.0,304.0,360.0,1.0,Rural,N
Male,Yes,3+,Not Graduate,No,4931,0.0,128.0,360.0,1.0,Semiurban,N
Male,Yes,1,Graduate,No,6083,4250.0,330.0,360.0,1.0,Urban,Y
Male,No,0,Graduate,No,2060,2209.0,134.0,360.0,1.0,Semiurban,Y
Female,No,1,Graduate,No,3481,0.0,155.0,36.0,1.0,Semiurban,N
Female,No,0,Graduate,No,7200,0.0,120.0,360.0,1.0,Rural,Y
Male,No,0,Graduate,Yes,5166,0.0,128.0,360.0,1.0,Semiurban,Y
Male,No,0,Graduate,No,4095,3447.0,151.0,360.0,1.0,Rural,Y
Male,Yes,2,Graduate,No,4708,1387.0,150.0,360.0,1.0,Semiurban,Y
Male,Yes,3+,Graduate,No,4333,1811.0,160.0,360.0,0.0,Urban,Y
Female,No,0,Graduate,No,3418,0.0,135.0,360.0,1.0,Rural,N
Female,No,1,Graduate,No,2876,1560.0,90.0,360.0,1.0,Urban,Y
Female,No,0,Graduate,No,3237,0.0,30.0,360.0,1.0,Urban,Y
Male,Yes,0,Graduate,No,11146,0.0,136.0,360.0,1.0,Urban,Y
Male,No,0,Graduate,No,2833,1857.0,126.0,360.0,1.0,Rural,Y
Male,Yes,0,Graduate,No,2620,2223.0,150.0,360.0,1.0,Semiurban,Y
Male,Yes,2,Graduate,No,3900,0.0,90.0,360.0,1.0,Semiurban,Y
Male,Yes,1,Graduate,No,2750,1842.0,115.0,360.0,1.0,Semiurban,Y
Male,Yes,0,Graduate,No,3993,3274.0,207.0,360.0,1.0,Semiurban,Y
Male,Yes,0,Graduate,No,3103,1300.0,80.0,360.0,1.0,Urban,Y
Male,Yes,0,Graduate,No,14583,0.0,436.0,360.0,1.0,Semiurban,Y
Female,Yes,0,Not Graduate,No,4100,0.0,124.0,360.0,1.0,Rural,Y
Male,No,1,Not Graduate,Yes,4053,2426.0,158.0,360.0,0.0,Urban,N
Male,Yes,0,Graduate,No,3927,800.0,112.0,360.0,1.0,Semiurban,Y
Male,Yes,2,Graduate,No,2301,985.7999878,78.0,180.0,1.0,Urban,Y
Female,No,0,Graduate,No,1811,1666.0,54.0,360.0,1.0,Urban,Y
Male,Yes,0,Graduate,No,20667,0.0,146.41216216216216,360.0,1.0,Rural,N
Male,No,0,Graduate,No,3158,3053.0,89.0,360.0,1.0,Rural,Y
Female,No,0,Graduate,Yes,2600,1717.0,99.0,300.0,1.0,Semiurban,N
Male,Yes,0,Graduate,No,3704,2000.0,120.0,360.0,1.0,Rural,Y
Female,No,0,Graduate,No,4124,0.0,115.0,360.0,1.0,Semiurban,Y
Male,No,0,Graduate,No,9508,0.0,187.0,360.0,1.0,Rural,Y
Male,Yes,0,Graduate,No,3075,2416.0,139.0,360.0,1.0,Rural,Y
Male,Yes,2,Graduate,No,4400,0.0,127.0,360.0,0.0,Semiurban,N
Male,Yes,2,Graduate,No,3153,1560.0,134.0,360.0,1.0,Urban,Y
Female,No,0,Graduate,No,5417,0.0,143.0,480.0,0.0,Urban,N
Male,Yes,0,Graduate,No,2383,3334.0,172.0,360.0,1.0,Semiurban,Y
Male,Yes,3+,Graduate,No,4416,1250.0,110.0,360.0,1.0,Urban,Y
Male,Yes,1,Graduate,No,6875,0.0,200.0,360.0,1.0,Semiurban,Y
Female,Yes,1,Graduate,No,4666,0.0,135.0,360.0,1.0,Urban,Y
Female,No,0,Graduate,No,5000,2541.0,151.0,480.0,1.0,Rural,N
Male,Yes,1,Graduate,No,2014,2925.0,113.0,360.0,1.0,Urban,N
Male,Yes,0,Not Graduate,No,1800,2934.0,93.0,360.0,0.0,Urban,N
Male,Yes,0,Not Graduate,No,2875,1750.0,105.0,360.0,1.0,Semiurban,Y
Female,No,0,Graduate,No,5000,0.0,132.0,360.0,1.0,Rural,Y
Male,Yes,1,Graduate,No,1625,1803.0,96.0,360.0,1.0,Urban,Y
Male,No,0,Graduate,No,4000,2500.0,140.0,360.0,1.0,Rural,Y
Male,No,0,Not Graduate,No,2000,0.0,146.41216216216216,360.0,1.0,Urban,N
Female,No,0,Graduate,No,3762,1666.0,135.0,360.0,1.0,Rural,Y
Female,No,0,Graduate,No,2400,1863.0,104.0,360.0,0.0,Urban,N
Male,No,0,Graduate,No,20233,0.0,480.0,360.0,1.0,Rural,N
Male,Yes,2,Not Graduate,No,7667,0.0,185.0,360.0,1.0,Rural,Y
Female,No,0,Graduate,No,2917,0.0,84.0,360.0,1.0,Semiurban,Y
Male,No,0,Not Graduate,No,2927,2405.0,111.0,360.0,1.0,Semiurban,Y
Female,No,0,Graduate,No,2507,0.0,56.0,360.0,1.0,Rural,Y
Male,Yes,2,Graduate,Yes,5746,0.0,144.0,84.0,1.0,Rural,Y
Male,Yes,0,Graduate,No,2473,1843.0,159.0,360.0,1.0,Rural,N
Male,Yes,1,Not Graduate,No,3399,1640.0,111.0,180.0,1.0,Urban,Y
Male,Yes,2,Graduate,No,3717,0.0,120.0,360.0,1.0,Semiurban,Y
Male,Yes,0,Graduate,No,2058,2134.0,88.0,360.0,1.0,Urban,Y
Female,No,1,Graduate,No,3541,0.0,112.0,360.0,1.0,Semiurban,Y
Male,Yes,1,Graduate,Yes,10000,0.0,155.0,360.0,1.0,Rural,N
Male,Yes,0,Graduate,No,2400,2167.0,115.0,360.0,1.0,Semiurban,Y
Male,Yes,3+,Graduate,No,4342,189.0,124.0,360.0,1.0,Semiurban,Y
Male,Yes,2,Not Graduate,No,3601,1590.0,146.41216216216216,360.0,1.0,Rural,Y
Female,No,0,Graduate,No,3166,2985.0,132.0,360.0,1.0,Rural,Y
Male,Yes,3+,Graduate,No,15000,0.0,300.0,360.0,1.0,Rural,Y
Male,Yes,1,Graduate,Yes,8666,4983.0,376.0,360.0,0.0,Rural,N
Male,No,0,Graduate,No,4917,0.0,130.0,360.0,0.0,Rural,Y
Male,Yes,0,Graduate,Yes,5818,2160.0,184.0,360.0,1.0,Semiurban,Y
Female,Yes,0,Graduate,No,4333,2451.0,110.0,360.0,1.0,Urban,N
Female,No,0,Graduate,No,2500,0.0,67.0,360.0,1.0,Urban,Y
Male,No,1,Graduate,No,4384,1793.0,117.0,360.0,1.0,Urban,Y
Male,No,0,Graduate,No,2935,0.0,98.0,360.0,1.0,Semiurban,Y
Male,No,0,Graduate,No,2833,0.0,71.0,360.0,1.0,Urban,Y
Male,Yes,0,Graduate,No,63337,0.0,490.0,180.0,1.0,Urban,Y
Male,Yes,1,Graduate,Yes,9833,1833.0,182.0,180.0,1.0,Urban,Y
Male,Yes,0,Graduate,Yes,5503,4490.0,70.0,360.0,1.0,Semiurban,Y
Male,Yes,1,Graduate,No,5250,688.0,160.0,360.0,1.0,Rural,Y
Male,Yes,2,Graduate,Yes,2500,4600.0,176.0,360.0,1.0,Rural,Y
Female,No,3+,Not Graduate,No,1830,0.0,146.41216216216216,360.0,0.0,Urban,N
Female,No,0,Graduate,No,4160,0.0,71.0,360.0,1.0,Semiurban,Y
Male,Yes,3+,Not Graduate,No,2647,1587.0,173.0,360.0,1.0,Rural,N
Female,No,0,Graduate,No,2378,0.0,46.0,360.0,1.0,Rural,N
Male,Yes,1,Not Graduate,No,4554,1229.0,158.0,360.0,1.0,Urban,Y
Male,Yes,3+,Not Graduate,No,3173,0.0,74.0,360.0,1.0,Semiurban,Y
Male,Yes,2,Graduate,No,2583,2330.0,125.0,360.0,1.0,Rural,Y
Male,Yes,0,Graduate,No,2499,2458.0,160.0,360.0,1.0,Semiurban,Y
Male,Yes,0,Not Graduate,No,3523,3230.0,152.0,360.0,0.0,Rural,N
Male,Yes,2,Not Graduate,No,3083,2168.0,126.0,360.0,1.0,Urban,Y
Male,Yes,0,Graduate,No,6333,4583.0,259.0,360.0,1.0,Semiurban,Y
Male,Yes,0,Graduate,No,2625,6250.0,187.0,360.0,1.0,Rural,Y
Male,Yes,0,Graduate,No,9083,0.0,228.0,360.0,1.0,Semiurban,Y
Male,No,0,Graduate,No,8750,4167.0,308.0,360.0,1.0,Rural,N
Male,Yes,3+,Graduate,No,2666,2083.0,95.0,360.0,1.0,Rural,Y
Female,Yes,0,Graduate,Yes,5500,0.0,105.0,360.0,0.0,Rural,N
Female,Yes,0,Graduate,No,2423,505.0,130.0,360.0,1.0,Semiurban,Y
Female,No,0,Graduate,No,3813,0.0,116.0,180.0,1.0,Urban,Y
Male,Yes,2,Graduate,No,8333,3167.0,165.0,360.0,1.0,Rural,Y
Male,Yes,1,Graduate,No,3875,0.0,67.0,360.0,1.0,Urban,N
Male,Yes,0,Not Graduate,No,3000,1666.0,100.0,480.0,0.0,Urban,N
Male,Yes,3+,Graduate,No,5167,3167.0,200.0,360.0,1.0,Semiurban,Y
Female,No,1,Graduate,No,4723,0.0,81.0,360.0,1.0,Semiurban,N
Male,Yes,2,Graduate,No,5000,3667.0,236.0,360.0,1.0,Semiurban,Y
Male,Yes,0,Graduate,No,4750,2333.0,130.0,360.0,1.0,Urban,Y
Male,Yes,0,Graduate,No,3013,3033.0,95.0,300.0,1.0,Urban,Y
Male,No,0,Graduate,Yes,6822,0.0,141.0,360.0,1.0,Rural,Y
Male,No,0,Not Graduate,No,6216,0.0,133.0,360.0,1.0,Rural,N
Male,No,0,Graduate,No,2500,0.0,96.0,480.0,1.0,Semiurban,N
Male,No,0,Graduate,No,5124,0.0,124.0,360.0,0.0,Rural,N
Male,Yes,1,Graduate,No,6325,0.0,175.0,360.0,1.0,Semiurban,Y
Male,Yes,0,Graduate,No,19730,5266.0,570.0,360.0,1.0,Rural,N
Female,No,0,Graduate,Yes,15759,0.0,55.0,360.0,1.0,Semiurban,Y
Male,Yes,2,Graduate,No,5185,0.0,155.0,360.0,1.0,Semiurban,Y
Male,Yes,2,Graduate,Yes,9323,7873.0,380.0,300.0,1.0,Rural,Y
Male,No,1,Graduate,No,3062,1987.0,111.0,180.0,0.0,Urban,N
Female,No,0,Graduate,No,2764,1459.0,110.0,360.0,1.0,Urban,Y
Male,Yes,0,Graduate,No,4817,923.0,120.0,180.0,1.0,Urban,Y
Male,Yes,3+,Graduate,No,8750,4996.0,130.0,360.0,1.0,Rural,Y
Male,Yes,0,Graduate,No,4310,0.0,130.0,360.0,1.0,Semiurban,Y
Male,No,0,Graduate,No,3069,0.0,71.0,480.0,1.0,Urban,N
Male,Yes,2,Graduate,No,5391,0.0,130.0,360.0,1.0,Urban,Y
Male,Yes,0,Graduate,No,3333,2500.0,128.0,360.0,1.0,Semiurban,Y
Male,No,0,Graduate,No,5941,4232.0,296.0,360.0,1.0,Semiurban,Y
Female,No,0,Graduate,No,6000,0.0,156.0,360.0,1.0,Urban,Y
Male,No,0,Graduate,Yes,7167,0.0,128.0,360.0,1.0,Urban,Y
Male,Yes,2,Graduate,No,4566,0.0,100.0,360.0,1.0,Urban,N
Male,No,1,Graduate,No,3667,0.0,113.0,180.0,1.0,Urban,Y
Male,No,0,Not Graduate,No,2346,1600.0,132.0,360.0,1.0,Semiurban,Y
Male,Yes,0,Not Graduate,No,3010,3136.0,146.41216216216216,360.0,0.0,Urban,N
Male,Yes,0,Graduate,No,2333,2417.0,136.0,360.0,1.0,Urban,Y
Male,Yes,0,Graduate,No,5488,0.0,125.0,360.0,1.0,Rural,Y
Male,No,3+,Graduate,No,9167,0.0,185.0,360.0,1.0,Rural,Y
Male,Yes,3+,Graduate,No,9504,0.0,275.0,360.0,1.0,Rural,Y
Male,Yes,0,Graduate,No,2583,2115.0,120.0,360.0,1.0,Urban,Y
Male,Yes,2,Not Graduate,No,1993,1625.0,113.0,180.0,1.0,Semiurban,Y
Male,Yes,2,Graduate,No,3100,1400.0,113.0,360.0,1.0,Urban,Y
Male,Yes,2,Graduate,No,3276,484.0,135.0,360.0,1.0,Semiurban,Y
Female,No,0,Graduate,No,3180,0.0,71.0,360.0,0.0,Urban,N
Male,Yes,0,Graduate,No,3033,1459.0,95.0,360.0,1.0,Urban,Y
Male,No,0,Not Graduate,No,3902,1666.0,109.0,360.0,1.0,Rural,Y
Female,No,0,Graduate,No,1500,1800.0,103.0,360.0,0.0,Semiurban,N
Male,Yes,2,Not Graduate,No,2889,0.0,45.0,180.0,0.0,Urban,N
Male,No,0,Not Graduate,No,2755,0.0,65.0,300.0,1.0,Rural,N
Male,No,0,Graduate,No,2500,20000.0,103.0,360.0,1.0,Semiurban,Y
Female,No,0,Not Graduate,No,1963,0.0,53.0,360.0,1.0,Semiurban,Y
Female,No,0,Graduate,Yes,7441,0.0,194.0,360.0,1.0,Rural,N
Female,No,0,Graduate,No,4547,0.0,115.0,360.0,1.0,Semiurban,Y
Male,Yes,0,Not Graduate,No,2167,2400.0,115.0,360.0,1.0,Urban,Y
Female,No,0,Not Graduate,No,2213,0.0,66.0,360.0,1.0,Rural,Y
Male,Yes,1,Graduate,No,8300,0.0,152.0,300.0,0.0,Semiurban,N
Male,Yes,3+,Graduate,No,81000,0.0,360.0,360.0,0.0,Rural,N
Female,No,1,Not Graduate,Yes,3867,0.0,62.0,360.0,1.0,Semiurban,N
Male,Yes,0,Graduate,No,6256,0.0,160.0,360.0,1.0,Urban,Y
Male,Yes,0,Not Graduate,No,6096,0.0,218.0,360.0,0.0,Rural,N
Male,Yes,0,Not Graduate,No,2253,2033.0,110.0,360.0,1.0,Rural,Y
Female,Yes,0,Not Graduate,No,2149,3237.0,178.0,360.0,0.0,Semiurban,N
Female,No,0,Graduate,No,2995,0.0,60.0,360.0,1.0,Urban,Y
Female,No,1,Graduate,No,2600,0.0,160.0,360.0,1.0,Urban,N
Male,Yes,2,Graduate,Yes,1600,20000.0,239.0,360.0,1.0,Urban,N
Male,Yes,0,Graduate,No,1025,2773.0,112.0,360.0,1.0,Rural,Y
Male,Yes,0,Graduate,No,3246,1417.0,138.0,360.0,1.0,Semiurban,Y
Male,Yes,0,Graduate,No,5829,0.0,138.0,360.0,1.0,Rural,Y
Female,No,0,Not Graduate,No,2720,0.0,80.0,360.0,0.0,Urban,N
Male,Yes,0,Graduate,No,1820,1719.0,100.0,360.0,1.0,Urban,Y
Male,Yes,1,Graduate,No,7250,1667.0,110.0,360.0,0.0,Urban,N
Male,Yes,0,Graduate,No,14880,0.0,96.0,360.0,1.0,Semiurban,Y
Male,Yes,0,Graduate,No,2666,4300.0,121.0,360.0,1.0,Rural,Y
Female,No,1,Not Graduate,No,4606,0.0,81.0,360.0,1.0,Rural,N
Male,Yes,2,Graduate,No,5935,0.0,133.0,360.0,1.0,Semiurban,Y
Male,Yes,0,Graduate,No,2920,16.12000084,87.0,360.0,1.0,Rural,Y
Male,No,0,Not Graduate,No,2717,0.0,60.0,180.0,1.0,Urban,Y
Female,No,1,Graduate,Yes,8624,0.0,150.0,360.0,1.0,Semiurban,Y
Male,No,0,Graduate,No,6500,0.0,105.0,360.0,0.0,Rural,N
Male,No,0,Graduate,No,12876,0.0,405.0,360.0,1.0,Semiurban,Y
Male,Yes,0,Graduate,No,2425,2340.0,143.0,360.0,1.0,Semiurban,Y
Male,No,0,Graduate,No,3750,0.0,100.0,360.0,1.0,Urban,Y
Female,Yes,0,Graduate,No,10047,0.0,146.41216216216216,240.0,1.0,Semiurban,Y
Male,No,0,Graduate,No,1926,1851.0,50.0,360.0,1.0,Semiurban,Y
Male,Yes,0,Graduate,No,2213,1125.0,146.41216216216216,360.0,1.0,Urban,Y
Male,No,0,Graduate,Yes,10416,0.0,187.0,360.0,0.0,Urban,N
Female,Yes,0,Not Graduate,Yes,7142,0.0,138.0,360.0,1.0,Rural,Y
Male,No,0,Graduate,No,3660,5064.0,187.0,360.0,1.0,Semiurban,Y
Male,Yes,0,Graduate,No,7901,1833.0,180.0,360.0,1.0,Rural,Y
Male,No,3+,Not Graduate,No,4707,1993.0,148.0,360.0,1.0,Semiurban,Y
Male,No,1,Graduate,No,37719,0.0,152.0,360.0,1.0,Semiurban,Y
Male,Yes,0,Graduate,No,7333,8333.0,175.0,300.0,1.0,Rural,Y
Male,Yes,1,Graduate,Yes,3466,1210.0,130.0,360.0,1.0,Rural,Y
Male,Yes,2,Not Graduate,No,4652,0.0,110.0,360.0,1.0,Rural,Y
Male,Yes,0,Graduate,No,3539,1376.0,55.0,360.0,1.0,Rural,N
Male,Yes,2,Graduate,No,3340,1710.0,150.0,360.0,0.0,Rural,N
Male,No,1,Not Graduate,Yes,2769,1542.0,190.0,360.0,1.0,Semiurban,N
Male,Yes,2,Not Graduate,No,2309,1255.0,125.0,360.0,0.0,Rural,N
Male,Yes,2,Not Graduate,No,1958,1456.0,60.0,300.0,1.0,Urban,Y
Male,Yes,0,Graduate,No,3948,1733.0,149.0,360.0,0.0,Rural,N
Male,Yes,0,Graduate,No,2483,2466.0,90.0,180.0,0.0,Rural,Y
Male,No,0,Graduate,Yes,7085,0.0,84.0,360.0,1.0,Semiurban,Y
Male,Yes,2,Graduate,No,3859,0.0,96.0,360.0,1.0,Semiurban,Y
Male,Yes,0,Graduate,No,4301,0.0,118.0,360.0,1.0,Urban,Y
Male,Yes,0,Graduate,No,3708,2569.0,173.0,360.0,1.0,Urban,N
Male,No,2,Graduate,No,4354,0.0,136.0,360.0,1.0,Rural,Y
Male,Yes,0,Graduate,No,8334,0.0,160.0,360.0,1.0,Semiurban,N
Male,Yes,0,Graduate,Yes,2083,4083.0,160.0,360.0,1.0,Semiurban,Y
Male,Yes,3+,Graduate,No,7740,0.0,128.0,180.0,1.0,Urban,Y
Male,Yes,0,Graduate,No,3015,2188.0,153.0,360.0,1.0,Rural,Y
Female,No,1,Not Graduate,No,5191,0.0,132.0,360.0,1.0,Semiurban,Y
Male,No,0,Graduate,No,4166,0.0,98.0,360.0,0.0,Semiurban,N
Male,No,0,Graduate,No,6000,0.0,140.0,360.0,1.0,Rural,Y
Male,Yes,3+,Not Graduate,No,2947,1664.0,70.0,180.0,0.0,Urban,N
Male,Yes,0,Graduate,No,16692,0.0,110.0,360.0,1.0,Semiurban,Y
Female,Yes,2,Not Graduate,No,210,2917.0,98.0,360.0,1.0,Semiurban,Y
Male,Yes,0,Graduate,No,4333,2451.0,110.0,360.0,1.0,Urban,N
Male,Yes,1,Graduate,Yes,3450,2079.0,162.0,360.0,1.0,Semiurban,Y
Male,Yes,1,Not Graduate,No,2653,1500.0,113.0,180.0,0.0,Rural,N
Male,Yes,3+,Graduate,No,4691,0.0,100.0,360.0,1.0,Semiurban,Y
Female,No,0,Graduate,Yes,2500,0.0,93.0,360.0,1.0,Urban,Y
Male,No,2,Graduate,No,5532,4648.0,162.0,360.0,1.0,Rural,Y
Male,Yes,2,Graduate,Yes,16525,1014.0,150.0,360.0,1.0,Rural,Y
Male,Yes,2,Graduate,No,6700,1750.0,230.0,300.0,1.0,Semiurban,Y
Male,Yes,2,Graduate,No,2873,1872.0,132.0,360.0,0.0,Semiurban,N
Male,Yes,1,Graduate,Yes,16667,2250.0,86.0,360.0,1.0,Semiurban,Y
Male,Yes,2,Graduate,No,2947,1603.0,146.41216216216216,360.0,1.0,Urban,N
Female,No,0,Not Graduate,No,4350,0.0,154.0,360.0,1.0,Rural,Y
Male,Yes,3+,Not Graduate,No,3095,0.0,113.0,360.0,1.0,Rural,Y
Male,Yes,0,Graduate,No,2083,3150.0,128.0,360.0,1.0,Semiurban,Y
Male,Yes,0,Graduate,No,10833,0.0,234.0,360.0,1.0,Semiurban,Y
Male,Yes,2,Graduate,No,8333,0.0,246.0,360.0,1.0,Semiurban,Y
Male,Yes,1,Not Graduate,No,1958,2436.0,131.0,360.0,1.0,Rural,Y
Male,No,2,Graduate,No,3547,0.0,80.0,360.0,0.0,Rural,N
Male,Yes,1,Graduate,No,18333,0.0,500.0,360.0,1.0,Urban,N
Male,Yes,2,Graduate,Yes,4583,2083.0,160.0,360.0,1.0,Semiurban,Y
Male,No,0,Graduate,No,2435,0.0,75.0,360.0,1.0,Urban,N
Male,No,0,Not Graduate,No,2699,2785.0,96.0,360.0,1.0,Semiurban,Y
Male,Yes,1,Not Graduate,No,5333,1131.0,186.0,360.0,1.0,Urban,Y
Male,No,0,Not Graduate,No,3691,0.0,110.0,360.0,1.0,Rural,Y
Female,No,0,Not Graduate,Yes,17263,0.0,225.0,360.0,1.0,Semiurban,Y
Male,Yes,0,Graduate,No,3597,2157.0,119.0,360.0,0.0,Rural,N
Female,Yes,1,Graduate,No,3326,913.0,105.0,84.0,1.0,Semiurban,Y
Male,Yes,0,Not Graduate,No,2600,1700.0,107.0,360.0,1.0,Rural,Y
Male,Yes,0,Graduate,No,4625,2857.0,111.0,12.0,1.0,Urban,Y
Male,Yes,1,Graduate,Yes,2895,0.0,95.0,360.0,1.0,Semiurban,Y
Male,No,0,Graduate,No,6283,4416.0,209.0,360.0,0.0,Rural,N
Female,No,0,Graduate,No,645,3683.0,113.0,480.0,1.0,Rural,Y
Female,No,0,Graduate,No,3159,0.0,100.0,360.0,1.0,Semiurban,Y
Male,Yes,2,Graduate,No,4865,5624.0,208.0,360.0,1.0,Semiurban,Y
Male,Yes,1,Not Graduate,No,4050,5302.0,138.0,360.0,1.0,Rural,N
Male,Yes,0,Not Graduate,No,3814,1483.0,124.0,300.0,1.0,Semiurban,Y
Male,Yes,2,Graduate,No,3510,4416.0,243.0,360.0,1.0,Rural,Y
Male,Yes,0,Graduate,No,20833,6667.0,480.0,360.0,1.0,Urban,Y
Male,No,0,Graduate,No,3583,0.0,96.0,360.0,1.0,Urban,N
Male,Yes,0,Graduate,Yes,2479,3013.0,188.0,360.0,1.0,Urban,Y
Female,No,1,Graduate,No,13262,0.0,40.0,360.0,1.0,Urban,Y
Male,No,0,Not Graduate,No,3598,1287.0,100.0,360.0,1.0,Rural,N
Male,Yes,1,Graduate,No,6065,2004.0,250.0,360.0,1.0,Semiurban,Y
Male,Yes,2,Graduate,No,3283,2035.0,148.0,360.0,1.0,Urban,Y
Male,Yes,0,Graduate,No,2130,6666.0,70.0,180.0,1.0,Semiurban,N
Male,No,0,Graduate,No,5815,3666.0,311.0,360.0,1.0,Rural,N
Male,Yes,3+,Graduate,No,3466,3428.0,150.0,360.0,1.0,Rural,Y
Female,Yes,2,Graduate,No,2031,1632.0,113.0,480.0,1.0,Semiurban,Y
Male,Yes,0,Not Graduate,No,3074,1800.0,123.0,360.0,0.0,Semiurban,N
Male,No,0,Graduate,No,4683,1915.0,185.0,360.0,1.0,Semiurban,N
Female,No,0,Not Graduate,No,3400,0.0,95.0,360.0,1.0,Rural,N
Male,Yes,2,Not Graduate,No,2192,1742.0,45.0,360.0,1.0,Semiurban,Y
Male,No,0,Graduate,No,2500,0.0,55.0,360.0,1.0,Semiurban,Y
Male,Yes,3+,Graduate,Yes,5677,1424.0,100.0,360.0,1.0,Rural,Y
Male,Yes,2,Graduate,Yes,7948,7166.0,480.0,360.0,1.0,Rural,Y
Male,No,0,Graduate,No,4680,2087.0,146.41216216216216,360.0,1.0,Semiurban,N
Male,Yes,2,Graduate,Yes,17500,0.0,400.0,360.0,1.0,Rural,Y
Male,Yes,0,Graduate,No,3775,0.0,110.0,360.0,1.0,Semiurban,Y
Male,Yes,1,Not Graduate,No,5285,1430.0,161.0,360.0,0.0,Semiurban,Y
Male,No,1,Not Graduate,No,2679,1302.0,94.0,360.0,1.0,Semiurban,Y
Male,No,0,Not Graduate,No,6783,0.0,130.0,360.0,1.0,Semiurban,Y
Male,Yes,0,Graduate,No,1025,5500.0,216.0,360.0,1.0,Rural,Y
Male,Yes,3+,Graduate,No,4281,0.0,100.0,360.0,1.0,Urban,Y
Male,No,2,Graduate,No,3588,0.0,110.0,360.0,0.0,Rural,N
Male,No,1,Graduate,No,11250,0.0,196.0,360.0,1.0,Semiurban,N
Female,No,0,Not Graduate,Yes,18165,0.0,125.0,360.0,1.0,Urban,Y
Male,No,0,Not Graduate,No,2550,2042.0,126.0,360.0,1.0,Rural,Y
Male,Yes,0,Graduate,No,6133,3906.0,324.0,360.0,1.0,Urban,Y
Male,No,2,Graduate,No,3617,0.0,107.0,360.0,1.0,Semiurban,Y
Male,Yes,0,Not Graduate,No,2917,536.0,66.0,360.0,1.0,Rural,N
Male,Yes,3+,Graduate,No,6417,0.0,157.0,180.0,1.0,Rural,Y
Female,Yes,1,Graduate,No,4608,2845.0,140.0,180.0,1.0,Semiurban,Y
Female,No,0,Graduate,No,2138,0.0,99.0,360.0,0.0,Semiurban,N
Female,No,1,Graduate,No,3652,0.0,95.0,360.0,1.0,Semiurban,Y
Male,Yes,1,Not Graduate,No,2239,2524.0,128.0,360.0,1.0,Urban,Y
Female,Yes,0,Not Graduate,No,3017,663.0,102.0,360.0,1.0,Semiurban,Y
Male,Yes,0,Graduate,No,2768,1950.0,155.0,360.0,1.0,Rural,Y
Male,No,0,Not Graduate,No,3358,0.0,80.0,36.0,1.0,Semiurban,N
Male,No,0,Graduate,No,2526,1783.0,145.0,360.0,1.0,Rural,Y
Female,No,0,Graduate,No,5000,0.0,103.0,360.0,0.0,Semiurban,N
Male,Yes,0,Graduate,No,2785,2016.0,110.0,360.0,1.0,Rural,Y
Male,Yes,2,Graduate,Yes,6633,0.0,146.41216216216216,360.0,0.0,Rural,N
Male,Yes,1,Not Graduate,No,2492,2375.0,146.41216216216216,360.0,1.0,Rural,Y
Male,Yes,1,Graduate,No,3333,3250.0,158.0,360.0,1.0,Urban,Y
Male,Yes,0,Not Graduate,No,2454,2333.0,181.0,360.0,0.0,Urban,N
Male,Yes,0,Graduate,No,3593,4266.0,132.0,180.0,0.0,Rural,N
Male,Yes,1,Graduate,No,5468,1032.0,26.0,360.0,1.0,Semiurban,Y
Female,No,0,Graduate,No,2667,1625.0,84.0,360.0,1.0,Urban,Y
Male,Yes,3+,Graduate,Yes,10139,0.0,260.0,360.0,1.0,Semiurban,Y
Male,Yes,0,Graduate,No,3887,2669.0,162.0,360.0,1.0,Semiurban,Y
Female,Yes,0,Graduate,No,4180,2306.0,182.0,360.0,1.0,Semiurban,Y
Male,Yes,2,Not Graduate,No,3675,242.0,108.0,360.0,1.0,Semiurban,Y
Female,Yes,1,Graduate,Yes,19484,0.0,600.0,360.0,1.0,Semiurban,Y
Male,Yes,0,Graduate,No,5923,2054.0,211.0,360.0,1.0,Rural,Y
Male,No,0,Not Graduate,Yes,5800,0.0,132.0,360.0,1.0,Semiurban,Y
Male,Yes,2,Graduate,No,8799,0.0,258.0,360.0,0.0,Urban,N
Male,Yes,0,Not Graduate,No,4467,0.0,120.0,360.0,1.0,Rural,Y
Male,No,0,Graduate,No,3333,0.0,70.0,360.0,1.0,Urban,Y
Male,Yes,3+,Graduate,No,3400,2500.0,123.0,360.0,0.0,Rural,N
Female,No,0,Graduate,No,2378,0.0,9.0,360.0,1.0,Urban,N
Male,Yes,0,Graduate,No,3166,2064.0,104.0,360.0,0.0,Urban,N
Male,Yes,1,Graduate,No,3417,1750.0,186.0,360.0,1.0,Urban,Y
Male,Yes,0,Graduate,No,5116,1451.0,165.0,360.0,0.0,Urban,N
Male,Yes,2,Graduate,No,16666,0.0,275.0,360.0,1.0,Urban,Y
Male,Yes,2,Not Graduate,No,6125,1625.0,187.0,480.0,1.0,Semiurban,N
Male,Yes,3+,Graduate,No,6406,0.0,150.0,360.0,1.0,Semiurban,N
Male,Yes,2,Graduate,No,3159,461.0,108.0,84.0,1.0,Urban,Y
Male,Yes,0,Graduate,No,3087,2210.0,136.0,360.0,0.0,Semiurban,N
Male,No,0,Graduate,No,3229,2739.0,110.0,360.0,1.0,Urban,Y
Male,Yes,1,Graduate,No,1782,2232.0,107.0,360.0,1.0,Rural,Y
Male,No,0,Graduate,No,3182,2917.0,161.0,360.0,1.0,Urban,Y
Male,Yes,2,Graduate,No,6540,0.0,205.0,360.0,1.0,Semiurban,Y
Male,No,0,Graduate,No,1836,33837.0,90.0,360.0,1.0,Urban,N
Female,Yes,0,Graduate,No,3166,0.0,36.0,360.0,1.0,Semiurban,Y
Male,Yes,1,Graduate,No,1880,0.0,61.0,360.0,1.0,Rural,N
Male,Yes,1,Graduate,No,2787,1917.0,146.0,360.0,0.0,Rural,N
Male,Yes,1,Graduate,No,4283,3000.0,172.0,84.0,1.0,Rural,N
Male,Yes,0,Graduate,No,2297,1522.0,104.0,360.0,1.0,Urban,Y
Female,No,0,Not Graduate,No,2165,0.0,70.0,360.0,1.0,Semiurban,Y
Male,No,0,Graduate,No,4750,0.0,94.0,360.0,1.0,Semiurban,Y
Male,Yes,2,Graduate,Yes,2726,0.0,106.0,360.0,0.0,Semiurban,N
Male,Yes,0,Graduate,No,3000,3416.0,56.0,180.0,1.0,Semiurban,Y
Male,Yes,2,Graduate,Yes,6000,0.0,205.0,240.0,1.0,Semiurban,N
Male,No,3+,Graduate,Yes,9357,0.0,292.0,360.0,1.0,Semiurban,Y
Male,Yes,0,Graduate,No,3859,3300.0,142.0,180.0,1.0,Rural,Y
Male,Yes,0,Graduate,Yes,16120,0.0,260.0,360.0,1.0,Urban,Y
Male,No,0,Not Graduate,No,3833,0.0,110.0,360.0,1.0,Rural,Y
Male,Yes,2,Not Graduate,Yes,6383,1000.0,187.0,360.0,1.0,Rural,N
Male,No,0,Graduate,No,2987,0.0,88.0,360.0,0.0,Semiurban,N
Male,Yes,0,Graduate,Yes,9963,0.0,180.0,360.0,1.0,Rural,Y
Male,Yes,2,Graduate,No,5780,0.0,192.0,360.0,1.0,Urban,Y
Female,No,3+,Graduate,No,416,41667.0,350.0,180.0,1.0,Urban,N
Male,Yes,0,Not Graduate,No,2894,2792.0,155.0,360.0,1.0,Rural,Y
Male,Yes,3+,Graduate,No,5703,0.0,128.0,360.0,1.0,Urban,Y
Male,No,0,Graduate,No,3676,4301.0,172.0,360.0,1.0,Rural,Y
Female,Yes,1,Graduate,No,12000,0.0,496.0,360.0,1.0,Semiurban,Y
Male,Yes,0,Not Graduate,No,2400,3800.0,146.41216216216216,180.0,1.0,Urban,N
Male,Yes,1,Graduate,No,3400,2500.0,173.0,360.0,1.0,Semiurban,Y
Male,Yes,2,Not Graduate,No,3987,1411.0,157.0,360.0,1.0,Rural,Y
Male,Yes,0,Graduate,No,3232,1950.0,108.0,360.0,1.0,Rural,Y
Female,No,0,Graduate,No,2900,0.0,71.0,360.0,1.0,Rural,Y
Male,Yes,3+,Graduate,No,4106,0.0,40.0,180.0,1.0,Rural,Y
Male,Yes,1,Graduate,No,8072,240.0,253.0,360.0,1.0,Urban,Y
Male,Yes,2,Graduate,No,7583,0.0,187.0,360.0,1.0,Urban,Y
Female,No,0,Graduate,Yes,4583,0.0,133.0,360.0,0.0,Semiurban,N
Male,No,0,Graduate,Yes,11321,0.0,213.6715388703741,360.0,0.3562978380769749,Semiurban,N
Female,No,0,Graduate,No,3401,0.0,98.72686233816984,360.0,1.0,Rural,N
Male,Yes,0,Graduate,No,3587,4224.635898093536,137.44264498769272,228.98380488923436,0.0,Urban,N
Female,No,0,Graduate,No,2226,0.0,61.05692963837591,402.27718553503655,0.0,Rural,N
Male,Yes,0,Graduate,No,3365,2199.929228728637,134.98386831314522,360.0,0.9994796230046842,Urban,N
Male,Yes,0,Graduate,No,13269,2682.688029299248,314.3588982986533,360.0,1.0,Urban,N
Male,Yes,0,Not Graduate,No,2316,1314.7371265989736,117.99003106236533,396.57375097896346,0.0,Rural,N
Male,No,0,Graduate,No,3522,0.0,79.29311706285884,360.0,0.16465585314294173,Urban,N
Male,No,0,Graduate,No,3037,0.0,60.48859316188782,276.13609548757955,0.534089419375442,Semiurban,N
Male,No,0,Graduate,No,4166,0.0,107.2730605155383,360.0,0.0,Semiurban,N
Male,Yes,0,Graduate,No,4778,2226.634041067817,147.8232157680237,396.90767605316756,1.0,Urban,N
Male,Yes,0,Graduate,No,3438,7026.089059083373,229.9210495629297,360.0,1.0,Rural,N
Male,No,1,Graduate,Yes,11061,0.0,110.58618401399848,360.0,1.0,Semiurban,N
Female,Yes,0,Graduate,No,4436,0.0,128.17803729521052,360.0,0.16829104217293056,Urban,N
Male,Yes,0,Not Graduate,No,2724,3373.4956772497867,125.77803604264278,360.0,0.0,Urban,N
Female,No,0,Graduate,No,3343,0.0,150.46642992939306,360.0,1.0,Urban,N
Male,Yes,0,Graduate,No,4664,0.0,135.61534468423216,360.0,1.0,Rural,N
Male,Yes,0,Graduate,No,3382,2505.3860565100454,126.04993561412213,360.0,0.06489224710898156,Urban,N
Male,No,0,Graduate,No,2762,0.0,71.11296051229793,314.295225491818,0.0,Urban,N
Male,Yes,0,Graduate,No,3172,2243.1374532351015,128.468760628386,224.43769131094822,0.0,Urban,N
Male,No,2,Graduate,No,2636,0.0,135.70434182718307,360.0,0.6963042728397884,Semiurban,N
Male,Yes,0,Graduate,No,22796,0.0,430.9449415818661,360.0,1.0,Rural,N
Male,Yes,0,Graduate,No,3533,2143.2279155143337,116.778696050699,360.0,0.0,Rural,N
Female,No,0,Graduate,No,3509,0.0,76.11523526250397,360.0,0.002259514951058139,Rural,N
Male,Yes,0,Graduate,No,19726,0.0,485.3356202855057,360.0,1.0,Rural,N
Male,Yes,0,Not Graduate,No,6001,0.0,202.89534602493876,242.80620530008167,0.9766149558326529,Rural,N
Male,Yes,0,Graduate,No,4681,1985.6983662907357,169.1389703847269,360.0,1.0,Urban,N
Male,Yes,0,Graduate,No,2512,1980.6203472311606,139.20678241038684,185.9491319220987,0.9669492670994516,Rural,N
Male,Yes,0,Graduate,No,3432,4074.6618777249582,161.66199494474714,339.295725118399,0.0,Rural,N
Female,Yes,1,Graduate,No,4583,0.0,119.67862176127136,360.0,0.6343513447013638,Rural,N
Male,No,2,Graduate,No,3566,0.0,100.74045809508823,302.52698127985803,0.3192945484452332,Rural,N
Male,Yes,0,Graduate,No,3382,4060.5265424981535,165.13383166712018,331.8560749990282,0.0,Rural,N
Female,Yes,0,Graduate,No,4481,0.0,120.28325253140362,360.0,0.44778316457309164,Semiurban,N
Male,No,0,Graduate,No,2210,0.0,64.34132073278602,399.520756032839,0.0,Rural,N
Male,No,0,Graduate,No,3563,0.0,78.37078689551757,360.0,0.5926967238793935,Urban,N
Male,No,0,Graduate,No,2288,0.0,107.58282713570807,360.0,1.0,Urban,N
Male,Yes,0,Not Graduate,No,2881,1580.4510781802544,162.5246006490008,360.0,1.0,Semiurban,N
Male,Yes,0,Graduate,No,2489,2230.808506046926,165.25960401196733,360.0,0.0,Urban,N
Male,Yes,0,Not Graduate,No,6264,0.0,120.95290365430156,360.0,0.19686024362010413,Rural,N
Male,Yes,0,Not Graduate,No,2310,3167.20482673971,116.29210444112226,360.0,0.5296993655539616,Urban,N
Male,Yes,0,Graduate,No,3533,3232.304183415617,152.8122660961527,360.0,0.01657685910515705,Rural,N
Male,Yes,0,Graduate,No,4333,2451.0,110.0,360.0,1.0,Urban,N
Male,No,1,Graduate,Yes,10076,0.0,160.87418005697972,360.0,0.8164318732193839,Semiurban,N
Male,Yes,0,Graduate,No,1842,2858.955558251452,109.76524762467557,360.0,0.7983451249845511,Urban,N
Male,Yes,0,Not Graduate,No,2803,1560.6889754517133,176.43542104311135,378.08610527585154,0.8492824560345705,Rural,N
Male,No,0,Graduate,No,3585,0.0,103.11478287437006,360.0,0.49180122325928133,Urban,N
Male,Yes,0,Graduate,No,3655,4063.4113293227274,157.55172422956593,234.75369477764127,0.0,Rural,N
Female,Yes,1,Graduate,No,4602,0.0,88.36534214968657,360.0,0.8583588048137198,Rural,N
Male,Yes,0,Graduate,No,3503,1334.9291779445625,78.79500007973759,360.0,0.6740410947981152,Rural,N
Female,Yes,0,Graduate,No,4588,0.0,121.54746552659148,360.0,0.2202410475655483,Rural,N
Male,Yes,0,Not Graduate,No,6094,0.0,120.19930841611568,360.0,0.2888504675619822,Rural,N
Male,No,0,Graduate,No,2378,0.0,38.95153870716947,360.0,1.0,Semiurban,N
Female,No,0,Graduate,No,2457,0.0,78.56670063541353,438.1600815249925,1.0,Urban,N
Male,No,0,Not Graduate,No,6259,0.0,127.61765510914208,360.0,0.0,Rural,N
Male,No,0,Not Graduate,No,2764,31.879530233572268,65.0594767355104,303.5686041306238,1.0,Urban,N
Male,No,0,Graduate,No,9522,0.0,195.9499181720148,360.0,0.6024279789124777,Urban,N
Male,Yes,0,Graduate,No,3141,2231.218940576791,131.1775135052748,273.1952430949464,0.0,Urban,N
Male,Yes,0,Graduate,No,2149,0.0,79.05008128106006,309.7373936455603,0.16228989409267203,Rural,N
Male,Yes,0,Graduate,No,4445,2332.951202602298,121.80882404915754,360.0,1.0,Rural,N
Male,Yes,0,Graduate,No,1892,3014.2295158700463,115.50662986453437,360.0,0.0,Urban,N
Male,No,0,Graduate,No,3525,0.0,80.18143241475427,360.0,0.20907162073771368,Urban,N
Female,No,0,Graduate,No,3424,0.0,120.60859803706744,36.0,1.0,Rural,N
Male,No,0,Graduate,No,1691,1497.6227959608598,120.38244524387949,360.0,0.3042156006549178,Urban,N
Female,No,0,Graduate,No,2269,0.0,59.11464962944591,452.57399738432406,0.22855002179729966,Urban,N
Male,Yes,0,Graduate,No,2490,1962.0054087484878,133.7016226245463,211.4918868772685,0.8250450729040638,Rural,N
Male,No,0,Graduate,No,3167,0.0,73.9465050299883,360.0,0.9821683433294356,Urban,N
Male,No,0,Graduate,Yes,11741,0.0,227.02957873506375,360.0,0.4833641087289857,Urban,N
Male,Yes,1,Graduate,No,12233,9111.417933557148,299.7032859570527,313.0507485305264,0.739170825169591,Urban,N
Male,No,0,Not Graduate,No,6405,0.0,149.88011839225356,360.0,0.9962536997579243,Rural,N
Male,Yes,0,Graduate,No,3608,4301.82555206481,132.20748389226725,186.22451676801714,0.03458064871120636,Urban,N
Male,No,0,Graduate,Yes,10000,0.0,181.06068623718124,360.0,1.0,Urban,N
Male,Yes,0,Not Graduate,No,6383,0.0,148.00481783421878,360.0,1.0,Rural,N
Male,No,0,Graduate,No,6370,0.0,146.79197915819654,360.0,1.0,Rural,N
Female,No,0,Graduate,No,4058,0.0,136.8155959543785,230.19684346659272,1.0,Semiurban,N
Male,No,0,Graduate,No,4279,0.0,128.8085879193465,360.0,0.2996421700272287,Semiurban,N
Male,No,0,Graduate,No,2271,0.0,104.87304053863022,360.0,0.8466611422383059,Rural,N
Female,Yes,1,Graduate,No,4583,0.0,115.01718987056006,360.0,0.8563242918780924,Rural,N
Male,Yes,0,Not Graduate,No,2668,1646.2110777536168,135.8102395681193,324.2704876273314,1.0,Rural,N
Male,Yes,0,Graduate,No,4992,0.0,78.28487446938625,360.0,0.1122299012390402,Semiurban,N
Male,No,0,Graduate,No,6439,4429.896508301117,158.16231711551674,206.83287922184772,0.8509284487675127,Urban,N
Male,Yes,0,Graduate,No,3769,4785.529483190037,173.554129780396,360.0,1.0,Urban,N
Male,No,0,Graduate,No,3138,0.0,74.64920893106296,360.0,0.0,Urban,N
Male,Yes,0,Graduate,No,8110,0.0,141.4633422639968,360.0,0.6689882547142286,Rural,N
Male,Yes,0,Graduate,No,6033,2383.760967761771,230.19698957922574,360.0,1.0,Rural,N
Male,No,0,Graduate,No,3593,0.0,85.95652426498789,360.0,1.0,Urban,N
Male,Yes,0,Not Graduate,No,6090,0.0,217.22173475195112,352.8160130949334,0.05986655754222159,Rural,N
Male,Yes,0,Not Graduate,No,6099,0.0,215.761426124202,360.0,0.026336163244682687,Rural,N
Male,Yes,0,Graduate,No,3321,2523.5654409032095,136.3442858126609,360.0,0.2839209747374657,Semiurban,N
Male,Yes,0,Graduate,No,2476,1946.3563367586728,129.00690102760183,234.9654948619908,0.6946361396556066,Rural,N
Male,Yes,0,Graduate,No,4631,1705.6447977095943,155.67998395441492,360.0,1.0,Rural,N
Male,Yes,0,Graduate,No,2550,1863.7191779656582,121.61461013756386,233.8108971583497,1.0,Rural,N
Female,No,0,Graduate,No,2435,0.0,75.11639328517276,360.6651044867015,1.0,Urban,N
Male,Yes,0,Graduate,No,3406,2192.435214134874,132.18519595716248,360.0,0.8240747473226546,Urban,N
Male,Yes,0,Graduate,No,6272,4419.235490087178,209.88569281716053,360.0,0.018075363615520867,Semiurban,N
Male,No,0,Graduate,No,3585,0.0,103.08548798743192,360.0,0.4938937151834346,Urban,N
Male,Yes,0,Graduate,No,1838,2932.390595617008,96.57645418442658,360.0,0.1788227092213288,Urban,N
Male,Yes,0,Not Graduate,No,2432,1376.6676364815096,142.5905016599773,360.0,0.3664687845828599,Urban,N
Female,No,0,Graduate,No,3488,0.0,91.86142757049313,360.0,0.2558294769434377,Rural,N
Male,Yes,0,Not Graduate,No,2818,1576.0453292412403,156.51279091025552,309.76918636538323,0.7209399242521293,Semiurban,N
Female,No,0,Graduate,No,4713,0.0,88.70151979630973,360.0,1.0,Rural,N
Male,Yes,0,Graduate,No,3398,4144.315701327603,153.95806893336484,234.89517233341206,0.0,Rural,N
Male,No,0,Graduate,No,11524,3417.508034687054,241.4102522942016,271.5865338309768,0.50881407683876,Rural,N
Female,Yes,0,Graduate,No,4597,0.0,99.91070385433343,360.0,0.6363326181858954,Rural,N
Female,Yes,0,Graduate,No,4591,0.0,117.51016000932285,360.0,1.0,Urban,N
Male,Yes,0,Graduate,No,3685,4551.4974902193035,157.95431729266392,286.1767525608979,0.5898708475605439,Urban,N
Male,Yes,0,Graduate,No,4682,1918.6304283766985,184.1855210378958,360.0,1.0,Rural,N
Female,No,0,Graduate,No,2229,0.0,61.53977354112163,421.5909416448654,0.0,Urban,N
Female,Yes,0,Graduate,No,4309,0.0,135.154889089467,360.0,0.0,Semiurban,N
Male,Yes,0,Graduate,No,5344,0.0,121.714676089989,427.87267613874855,0.43439436551042865,Urban,N
Male,Yes,2,Not Graduate,No,2991,1711.6106634464759,88.55415560781782,243.01411338504164,0.0,Semiurban,N
Male,No,0,Graduate,No,2214,0.0,82.68014198456345,321.2937982781661,0.35489663796943516,Urban,N
Male,Yes,1,Not Graduate,No,2539,1418.8863946174595,116.97291128404281,239.59366926064206,0.0,Rural,N
Male,Yes,0,Graduate,No,4325,7682.083782535951,275.05843215790935,360.0,0.8641675650719031,Semiurban,N
Female,No,0,Graduate,No,4125,0.0,109.14376653345097,318.56665171652,0.23018526824155527,Semiurban,N
Male,Yes,0,Graduate,No,8749,0.0,201.9322439103192,360.0,1.0,Urban,N
Male,Yes,0,Not Graduate,No,3019,1715.6848272442091,133.02030709283906,360.0,0.4279958007908169,Semiurban,N
Female,No,0,Graduate,No,4125,0.0,109.20480059118444,318.3397225751356,0.23144598569369101,Semiurban,N
Male,No,0,Graduate,No,2383,0.0,12.793528142635736,365.23245261053205,1.0,Urban,N
Male,No,1,Graduate,No,1996,0.0,145.80502278741457,360.0,1.0,Rural,N
Male,Yes,0,Graduate,No,3008,7175.419853166182,173.38779307800746,264.59001251836975,1.0,Rural,N
Male,Yes,1,Graduate,No,4296,2846.5213723535794,154.66725880860096,161.15865433590537,1.0,Urban,N
Female,Yes,2,Graduate,No,4603,0.0,81.34951793320123,360.0,1.0,Rural,N
Female,No,0,Graduate,No,2558,0.0,138.5560957812802,360.0,1.0,Rural,N
Male,Yes,0,Graduate,No,3582,4089.878929370312,155.003401790467,360.0,0.0,Rural,N
Male,Yes,1,Graduate,No,4731,0.0,119.14723263378072,360.0,1.0,Semiurban,N
Male,Yes,0,Graduate,No,18031,0.0,320.8036895513789,360.0,0.4472350331645101,Rural,N
Male,Yes,0,Graduate,No,3350,1798.5354588816365,133.74711382849185,360.0,0.0,Rural,N
Male,Yes,0,Not Graduate,No,1836,2843.5796517636795,113.92132633486418,360.0,1.0,Urban,N
Male,Yes,1,Graduate,No,12532,10455.570112902322,345.91080350374875,360.0,1.0,Urban,N
Female,No,0,Graduate,No,3408,0.0,108.14497182934882,360.0,1.0,Rural,N
Male,No,0,Graduate,No,3214,0.0,84.11828465096833,360.0,1.0,Semiurban,N
Male,Yes,0,Graduate,No,2493,2219.7036103923538,163.5491343021398,360.0,0.0,Rural,N
Male,Yes,0,Graduate,No,2071,0.0,122.00816809322234,360.0,0.4852798742763157,Urban,N
Male,Yes,0,Graduate,No,2692,1570.2290909807678,179.33567674059884,360.0,1.0,Semiurban,N
Female,No,0,Graduate,No,3454,0.0,106.87073519271692,360.0,0.6053085331905278,Rural,N
Male,No,0,Graduate,No,4311,5191.858690493502,156.69442311284263,360.0,1.0,Rural,N
Male,Yes,0,Graduate,No,1873,2867.7833165801,118.47892257210677,360.0,0.9300168348108319,Urban,N
Male,Yes,0,Not Graduate,No,1998,2925.633745177646,111.59167738300913,360.0,0.9295838691504561,Urban,N
Male,No,0,Graduate,No,3184,0.0,94.05619689107458,360.0,1.0,Urban,N
Female,No,0,Graduate,No,4367,0.0,129.95970834858355,360.0,0.0,Semiurban,N
Male,Yes,0,Not Graduate,No,2486,1893.210549381463,152.18571115537287,295.4435793666905,1.0,Urban,N
Female,Yes,0,Graduate,No,4570,0.0,95.93338161488418,360.0,1.0,Rural,N
Male,Yes,0,Graduate,No,5954,4410.366134165762,160.75010120181355,233.152305915409,1.0,Rural,N
Female,No,0,Graduate,No,4598,0.0,97.77263974040723,360.0,0.6774492357613995,Rural,N
Female,No,0,Graduate,No,5037,0.0,101.63802815432207,360.0,0.15133020507532557,Semiurban,N
Male,Yes,1,Graduate,No,5315,10480.54525401071,446.2261846751957,360.0,0.13662133144202881,Semiurban,N
Male,Yes,1,Graduate,No,4842,0.0,134.4554450154494,360.0,1.0,Rural,N
Male,Yes,0,Graduate,No,6024,4001.3850173190694,265.38763764460657,360.0,0.5528199769079077,Semiurban,N
Male,Yes,0,Not Graduate,No,2473,1781.1632003532077,124.4591999116981,360.0,0.2965101436477985,Semiurban,N
Male,No,0,Graduate,No,4890,2084.6791234257853,168.8015643840224,360.0,1.0,Rural,N
Male,Yes,0,Graduate,No,3358,1863.965162675947,121.7358638565894,360.0,0.0,Rural,N
Male,Yes,3+,Not Graduate,No,4806,0.0,109.76247898710415,360.0,0.3884862891343195,Semiurban,N
Male,Yes,0,Graduate,No,3186,2274.39854510006,128.6110137728077,194.68695247204326,0.0,Semiurban,N
Male,No,0,Graduate,No,10503,3851.6436014993537,160.76735969055005,180.93327529931761,0.005184862773986776,Rural,N
Male,Yes,0,Graduate,No,2227,0.0,107.7905218092809,360.0,0.6278944149486361,Rural,N
Male,Yes,0,Graduate,No,4001,4971.345731122504,153.1533683739393,360.0,0.8057260464879578,Urban,N
Male,No,0,Not Graduate,No,2709,0.0,105.29059083000072,368.5129100399913,0.07094091699992766,Urban,N
Male,Yes,0,Graduate,No,7530,0.0,110.34854123542222,360.0,0.3967838272138884,Rural,N
Male,Yes,1,Graduate,No,3700,2903.4233743082564,149.57848113089688,360.0,0.9492314689606031,Urban,N
Male,No,0,Graduate,No,9260,0.0,233.90892625660874,360.0,1.0,Urban,N
Male,No,0,Graduate,No,16307,0.0,200.50596573710104,360.0,0.027616771873704704,Semiurban,N
Male,Yes,3+,Graduate,No,5020,0.0,136.97361390809846,360.0,0.0,Semiurban,N
Male,Yes,0,Not Graduate,No,2970,1664.8769482460361,83.15422369054261,311.5422369054261,0.0,Semiurban,N
Male,Yes,2,Graduate,No,3135,1977.4148997179327,110.23150342939121,360.0,0.0,Urban,N
Male,Yes,0,Graduate,No,4640,0.0,124.8117253107075,360.0,1.0,Rural,N
Male,No,1,Graduate,Yes,10545,0.0,188.3953745505497,360.0,0.1550416167277442,Semiurban,N
Male,Yes,0,Graduate,No,3129,2581.492793729774,169.14652175059496,360.0,0.9818408883105311,Urban,N
Male,Yes,0,Not Graduate,No,2947,1612.8250563737688,134.1047228033948,331.0080303724854,0.8389335020693633,Semiurban,N
Male,No,0,Graduate,No,3767,0.0,106.57861244233706,463.24855419740106,1.0,Urban,N
Male,Yes,3+,Not Graduate,No,2726,1541.0412231246016,102.23919149781784,180.0,0.0,Urban,N
Male,No,0,Graduate,No,2882,0.0,46.35921570502981,186.99025219729617,0.0,Semiurban,N
Male,No,0,Graduate,No,3045,0.0,82.8444862505552,360.0,0.0,Urban,N
Male,Yes,0,Graduate,No,5327,0.0,116.68296106736389,415.55010873640134,0.5370824271966554,Urban,N
Male,No,0,Not Graduate,No,6135,0.0,190.23464444733654,360.0,0.3266512417960409,Rural,N
Male,Yes,0,Graduate,No,3688,2498.0820295604867,163.70492620452978,360.0,0.8278690037875887,Rural,N
Male,Yes,0,Graduate,No,4410,1569.0971560594419,133.70240123221458,360.0,0.7284570841802581,Semiurban,N
Female,Yes,2,Graduate,No,4566,0.0,99.44402928625232,360.0,1.0,Urban,N
Male,No,0,Graduate,No,9618,0.0,195.69659938362184,360.0,1.0,Urban,N
Male,Yes,0,Graduate,No,3401,1954.9144619971244,113.10583847491613,360.0,0.0,Rural,N
Male,Yes,0,Not Graduate,No,1693,3704.1726875009012,180.0069563285537,360.0,0.0,Urban,N
Male,Yes,0,Graduate,No,3386,2376.5938284829963,127.93624686068014,360.0,0.41135390505667857,Semiurban,N
Male,Yes,0,Graduate,No,3153,4987.1706941587345,113.36975706756601,180.0,0.30048778923280617,Rural,N
Male,Yes,0,Graduate,No,6017,4240.718487357327,146.42544065180005,204.90355663520424,1.0,Rural,N
Male,Yes,0,Graduate,No,6012,2512.317704702252,181.07078204429922,360.0,1.0,Rural,N
Male,Yes,1,Graduate,No,8874,4374.179766756604,309.2489884483195,360.0,1.0,Rural,N
Male,Yes,0,Graduate,No,2415,1997.1403010354225,125.97617697814368,360.0,0.0,Rural,N
Male,Yes,2,Not Graduate,No,2997,1665.9178649664643,98.76797449696373,467.6797449696373,0.0,Semiurban,N
Male,Yes,0,Graduate,No,6227,1375.7369365970035,187.0,432.14149182662464,1.0,Rural,N
Male,Yes,0,Graduate,No,5452,0.0,126.5262119719318,427.977511490311,0.0,Urban,N
Male,Yes,0,Not Graduate,No,3358,1864.016827100817,121.72637956603361,360.0,0.0,Urban,N
Male,Yes,3+,Graduate,No,5075,0.0,125.00344210938664,360.0,0.2508605273466612,Semiurban,N
Male,Yes,0,Graduate,No,3631,4143.233772895308,147.48402864383507,213.18006137964662,0.0,Rural,N
Male,Yes,0,Not Graduate,No,2878,1850.2451719799737,133.1655543094222,360.0,0.08087296661719767,Urban,N
Male,No,0,Not Graduate,No,6250,0.0,124.42471712410162,360.0,0.42831447494010777,Rural,N
Male,Yes,0,Not Graduate,No,6090,0.0,151.5894973206649,360.0,1.0,Rural,N
Male,Yes,0,Graduate,No,4613,0.0,132.02141775271292,360.0,1.0,Rural,N
Male,No,0,Graduate,No,6122,0.0,212.23453347860067,360.0,0.08478627237351954,Rural,N
Male,Yes,0,Graduate,No,4310,2693.8513741223765,137.42583824332849,237.91078459421516,1.0,Urban,N
Male,Yes,1,Graduate,No,2042,0.0,127.13034215316043,345.6127584505558,0.7602126408425968,Urban,N
Male,No,0,Graduate,No,16445,0.0,220.91297334503787,360.0,0.09387329008129175,Rural,N
Male,No,0,Graduate,No,4975,2083.7314639884294,177.9435965575687,360.0,1.0,Rural,N
Male,Yes,0,Not Graduate,No,3065,1787.1189574759228,124.53082769741829,360.0,0.06538600266029027,Semiurban,N
Male,No,0,Graduate,No,2698,0.0,99.36429358488172,321.703764369399,1.0,Semiurban,N
Male,Yes,0,Graduate,No,6041,2414.8261061190747,222.11421063359495,360.0,1.0,Rural,N
Male,No,0,Graduate,No,5445,0.0,129.97023048300633,438.85335942002,0.0,Urban,N
Male,Yes,0,Graduate,No,2544,1881.3742428899034,134.73393464314933,360.0,0.43567289867789105,Rural,N
Male,Yes,1,Graduate,No,2866,1598.680629064989,153.5898330360084,360.0,1.0,Rural,N
Male,Yes,0,Not Graduate,No,1054,3032.2589674537044,113.24469668303212,360.0,0.9522838723083512,Urban,N
Male,Yes,0,Graduate,No,2059,0.0,125.83704801376307,360.0,0.5660372104940763,Rural,N
Male,Yes,0,Not Graduate,No,2742,1569.763128337436,175.5631732645333,350.48121314145055,1.0,Rural,N
Male,No,0,Not Graduate,No,6303,0.0,116.43785957852666,360.0,0.0,Rural,N
Male,Yes,0,Not Graduate,No,2632,3443.076917000448,135.38458500223808,298.4616599910477,0.0,Urban,N
Male,No,0,Graduate,No,5836,3727.229976897566,293.4663784296326,343.4761681535805,1.0,Rural,N
Male,Yes,0,Graduate,No,19598,4770.169299777763,563.4090108212008,360.0,1.0,Rural,N
Male,No,1,Graduate,Yes,10286,0.0,177.0347740994786,360.0,0.3114133093912942,Semiurban,N
Female,No,1,Graduate,No,4608,0.0,81.0,360.0,1.0,Rural,N
Male,Yes,3+,Graduate,No,5092,0.0,127.92953044069552,360.0,0.0,Semiurban,N
Male,Yes,0,Not Graduate,No,2395,3790.3382996687246,146.95424426394212,183.08899832971505,0.9828388981682498,Semiurban,N
Male,Yes,0,Graduate,No,2045,2998.8303000227797,128.38131250474578,360.0,0.7633644230039109,Urban,N
Male,No,0,Graduate,No,6004,4204.21095569287,156.87962138330113,214.75566413085969,1.0,Rural,N
Male,Yes,3+,Not Graduate,No,4841,0.0,119.84043579860277,360.0,0.6536956789105992,Semiurban,N
Male,No,2,Graduate,No,2862,0.0,75.68749769761106,327.8804287763767,0.5353261870603886,Urban,N
Female,No,1,Graduate,No,4702,0.0,97.24434206606908,360.0,1.0,Rural,N
Female,No,0,Graduate,No,4003,0.0,144.75835066935477,188.65060635546607,1.0,Semiurban,N
Male,No,0,Graduate,No,5730,4547.756384648397,260.6952762256565,360.0,1.0,Rural,N
Female,Yes,0,Graduate,No,4603,0.0,86.89261986050153,360.0,0.8866803872980475,Rural,N
Male,No,1,Graduate,Yes,11065,0.0,112.48097943761368,360.0,1.0,Urban,N
Male,No,0,Graduate,No,3871,0.0,62.826445175680774,360.0,0.9846954597096153,Urban,N
Male,No,0,Graduate,No,8744,4221.315972607142,312.52633105059516,360.0,0.933436308079483,Rural,N
Male,No,0,Graduate,Yes,9582,0.0,229.03119651745777,360.0,1.0,Urban,N
